keys,ko,en
HOME_BUTTON,홈,Home
VOYAGE_BUTTON,항해,Voyage
CLOCK_BUTTON,시계,Clock
TIMER_BUTTON,타이머,Timer
TODO_BUTTON,할일,Todo
HABIT_BUTTON,습관,Habit
JOURNAL_BUTTON,일지,Journal
RECORD_BUTTON,기록,Record
VOYAGE_TAB_STATS,통계,Stats
VOYAGE_TAB_LETTER,편지,Letters
VOYAGE_TAB_CODEX,도감,Codex
VOYAGE_STAT_FOCUS,누적 집중: {time},Total focus: {time}
VOYAGE_STAT_PLAY,누적 플레이: {time},Total play: {time}
VOYAGE_STAT_DISTANCE,항해 거리: {distance} leagues,Voyage distance: {distance} leagues
VOYAGE_STAT_COUNT,총 활동: {count}건,Total activities: {count}
CLOCK_TAB_POMODORO,뽀모도로,Pomodoro
CLOCK_TAB_TIMER,타이머,Timer
CLOCK_TAB_ALARM,알람,Alarm
CLOCK_TAB_SETTINGS,설정,Settings
CLOCK_POMO_TITLE,뽀모도로,Pomodoro
CLOCK_POMO_FOCUS,집중,Focus
CLOCK_POMO_SHORT_BREAK,짧은 휴식,Short Break
CLOCK_POMO_LONG_BREAK,긴 휴식,Long Break
CLOCK_POMO_IDLE,진행 없음,No session
CLOCK_POMO_REPEAT,반복,Repeat
CLOCK_POMO_STATUS,{type} 중,{type}
CLOCK_POMO_PHASE_LABEL,{type}  ·  {current} / {total} 구간,{type}  ·  {current} / {total} segments
ALARM_ADD_BUTTON,새 알림 추가,Add Alarm
CLOCK_SETTINGS_AUTO_MINIMIZE,활성 시 자동 최소화,Auto-minimize when active
CLOCK_SETTINGS_AUTO_MAXIMIZE,비활성 시 자동 최대화,Auto-maximize when inactive
CLOCK_SETTINGS_HIDE_COUNTDOWN,카운트다운 숨기기,Hide countdown
TODO_DEFAULT_GROUP_NAME,기본,Default
TODO_EMPTY_PLACEHOLDER,(할 일 입력),(Enter task)
TODO_NEW_GROUP_NAME,새 목록,New List
TODO_GROUP_EDIT_TITLE,목록 편집,Edit Lists
TODO_GROUP_ADD_BUTTON,+ 새 목록 추가,+ Add New List
TODO_GROUP_CLOSE_BUTTON,목록 확인,Done
TODO_ADD_BUTTON,+ 새로운 과제 추가하기,+ Add New Task
TODO_SORT_LABEL,정렬: {name},Sort: {name}
TODO_SORT_MANUAL,수동,Manual
TODO_SORT_DUE,마감일,Due Date
TODO_SORT_NAME,이름,Name
TODO_SORT_DONE,완료상태,Status
SUFFIX_SEC,초,Sec
SUFFIX_MIN,분,Min
SUFFIX_HOUR,시,Hr
SUFFIX_CNT,회,Rep
OPTION_DISABLED,끄기,Disabled
OPTION_ENABLED,켜기,Enabled
ALARM_NOTICE,알람 · {hour}:{minute},Alarm · {hour}:{minute}
ALARM_NOTICE_WITH_LABEL,알람 · {hour}:{minute} · {label},Alarm · {hour}:{minute} · {label}
DATE_TODAY,오늘,Today
DATE_TOMORROW,내일,Tomorrow
DATE_YESTERDAY,어제,Yesterday
DATE_MON,월,Mon
DATE_TUE,화,Tue
DATE_WED,수,Wed
DATE_THU,목,Thu
DATE_FRI,금,Fri
DATE_SAT,토,Sat
DATE_SUN,일,Sun
DATE_MONTH_LABEL,{year}년 {month}월,{month}/{year}
DATE_YEAR_LABEL,{year}년,{year}
TODO_DUE_POPUP_TITLE,마감일 설정: {task},Set due date: {task}
TODO_DUE_CONFIRM,확인,Confirm
TODO_DUE_CANCEL,취소,Cancel
TODO_DUE_DELETE,마감일 삭제,Clear
RECORD_EMPTY,기록이 없습니다.,No records.
RECORD_EVENT_TODO,{title} 완료.,{title} completed.
RECORD_EVENT_TIMER,{subj}{time} 타이머.,{subj}{time} timer.
RECORD_EVENT_POMO,{subj}{count} x {time} 세션.,{subj}{count} x {time} sessions.
RECORD_EVENT_JOURNAL,일지 작성: {title},Journal: {title}
RECORD_JOURNAL_DELETED,(삭제된 일지),(deleted journal)
HABIT_DAY_TOGGLE_OFF,우클릭: 이 요일 끄기,Right-click: turn off this day
HABIT_DAY_TOGGLE_ON,우클릭: 이 요일 켜기,Right-click: turn on this day
HABIT_NEW_NAME,새 습관 {n},New habit {n}
PERIOD_NAV_THIS_WEEK,이번 주,This week
PERIOD_NAV_THIS_MONTH,이번 달,This month
PERIOD_NAV_THIS_YEAR,올해,This year
BANNER_PLACEHOLDER_MESSAGE,오늘은 뭐부터 해볼까?,What should we start with today?
TODO_SMART_TODAY,오늘,Today
TODO_SMART_NEXT7,다음 7일,Next 7 days
TODO_LISTS_SECTION,리스트,Lists
TODO_DONE_SECTION,완료,Done
RECORD_TYPE_POMO,뽀모도로,Pomodoro
RECORD_TYPE_TIMER,타이머,Timer
RECORD_TYPE_TODO,할일,Todo
RECORD_TYPE_HABIT,습관,Habit
RECORD_TYPE_JOURNAL,일지,Journal
RECORD_TYPE_GRATITUDE,감사일지,Gratitude
RECORD_TYPE_MOOD,무드,Mood
RECORD_TAB_ACTIVITY,활동,Activity
RECORD_TAB_GRAPH,그래프,Graph
RECORD_TOTAL_FOCUS,누적 집중 시간,Total focus time
RECORD_EVENT_GRATITUDE,감사 일지 작성,Gratitude journal written
RECORD_EVENT_MOOD,무드 기록 · {level},Mood logged · {level}
RECORD_MOOD_DELETED,(삭제된 기록),(deleted entry)
MOOD_LEVEL_1,아주 나쁨,Very bad
MOOD_LEVEL_2,나쁨,Bad
MOOD_LEVEL_3,보통,Neutral
MOOD_LEVEL_4,좋음,Good
MOOD_LEVEL_5,아주 좋음,Very good
JOURNAL_TAB_FREEFORM,자유 글쓰기,Freeform
JOURNAL_TAB_GRATITUDE,감사 일지,Gratitude
JOURNAL_TAB_MOOD,무드 기록,Mood
GRATITUDE_TODAY_LABEL,오늘의 감사,Today's gratitude
GRATITUDE_ITEM_PLACEHOLDER,감사한 일,Grateful for
GRATITUDE_ADD_ITEM_BUTTON,+ 항목 추가,+ Add item
GRATITUDE_HISTORY_LABEL,지난 기록,Past entries
GRATITUDE_EMPTY_ENTRY,(빈 기록),(empty entry)
GRATITUDE_ITEM_COUNT,{n}개,{n} items
MOOD_PICKER_LABEL,지금 기분은?,How are you feeling?
MOOD_MEMO_PLACEHOLDER,메모 (선택),Memo (optional)
MOOD_RECORD_BUTTON,기록하기,Record
MOOD_UPDATE_BUTTON,수정하기,Update
MOOD_CANCEL_EDIT_BUTTON,취소,Cancel
MOOD_HISTORY_LABEL,기록,History
RECORD_SPAN_CROSSDAY,{day} {start}–{end},{day} {start}–{end}
RECORD_SPAN_CROSSDAY_END,{start}–{day} {end},{start}–{day} {end}
RECORD_NOTE_BACK,닫기,Close
RECORD_NOTE_CLEAR,노트 지우기,Clear note
RECORD_NOTE_PLACEHOLDER,짧은 메모 (선택),Short note (optional)
RECORD_NOTE_STREAM_TITLE,남긴 기록 {n},Notes {n}
RECORD_NOTE_STREAM_EMPTY,타임라인에서 항목을 골라 메모를 남겨보세요.,Pick an item on the timeline to add a note.
RECORD_DAY_COUNT,{n}건,{n} entries
TIMER_HISTORY_TITLE,오늘의 집중,Today's focus
TIMER_HISTORY_SUMMARY,{n}세션 · {time},{n} sessions · {time}
TIMER_HISTORY_EMPTY,아직 완료한 세션이 없어요.,No sessions yet today.
TIMER_HISTORY_ADD_NOTE,메모 없음 — 눌러서 추가,No note — click to add

# --- 대기 (활력 축) ---
COMPANION_IDLE_NONE_DAY,오늘은 뭐부터 해볼까?,What should we start with today?
COMPANION_IDLE_SOME_ITEM,오늘 {n}개 했네. 하나 더 해볼까?,{n} done today. One more?
COMPANION_IDLE_SOME_FOCUS,{min}분 집중했었네. 한 번 더 해볼까?,{min} min of focus earlier. Another round?
COMPANION_IDLE_MANY,오늘 {n}개째네. 쌓인 거 한번 볼래?,That's {n} today. Want to see what's piled up?

# --- 함께 있음 ---
COMPANION_FOCUSING,조용히 옆에 있을게.,I'll be right here.
COMPANION_SESSION_DONE,수고했어. 방금 {min}분 집중했네.,Nice work. That was {min} min of focus.

# --- 할 일 완료 (사다리: 위에서부터 먼저 걸리는 것) ---
COMPANION_TODO_GROUP_CLEAR,{group} 이제 하나도 안 남았네.,Nothing left in {group}.
COMPANION_TODO_FIRST_TODAY,오늘 첫 번째네. 이제 하나씩 가자.,First one today. Let's keep them coming.
COMPANION_TODO_LONG_AGO,{days}일 만이네. 결국 해냈구나.,{days} days later. You got there.
COMPANION_TODO_ALMOST,{n}개 남았네. 거의 다 왔어.,{n} left. Almost there.
COMPANION_TODO_DONE,하나 끝냈네.,One down.

# --- 버튼 · 입력 ---
COMPANION_OPT_NOTE,노트 남기기,Leave a note
COMPANION_OPT_SKIP,그냥 넘어가기,Skip for now
COMPANION_NOTE_SAVE,저장,Save
COMPANION_NOTE_PLACEHOLDER,한 줄이면 충분해 · Enter로 저장,One line is plenty · Enter to save
COMPANION_GOTO_TODO,할 일 보기,See your tasks
COMPANION_GOTO_TIMER,타이머 열기,Open the timer
COMPANION_GOTO_RECORD,오늘 기록 보기,See today's record


COMPANION_OPT_TALK,얘기 좀 하자,Let's talk
COMPANION_TALK_FIRST,처음이구나. 할 일 하나 적는 것부터 시작하자.,New here? Let's start by writing one task.
COMPANION_TALK_BEFORE,오늘은 아직 조용하네. 가벼운 걸로 하나 시작해볼까?,Quiet so far today. Want to start with something light?
COMPANION_TALK_DURING,하나 했네. 이어서 뭐 해볼까?,One done. What's next?
COMPANION_TALK_ENOUGH,오늘 꽤 했어. 정리해두면 내일이 편해.,You've done a fair bit. Tidying up now makes tomorrow easier.
COMPANION_OPT_SEE_TODO,할 일 볼래,Show me my tasks
COMPANION_OPT_SHORT_FOCUS,짧게 집중할래,Short focus session
COMPANION_OPT_SEE_RECORD,오늘 기록 볼래,Show today's record
COMPANION_OPT_WRITE_JOURNAL,일지에 남길래,Write it down
COMPANION_OPT_PLAN_TOMORROW,내일 할 일 적을래,Jot down tomorrow's tasks
COMPANION_OPT_NOT_GREAT,사실 좀 그래,Honestly — not great
COMPANION_OPT_REST,그냥 쉴래,Just rest
COMPANION_EMPATHY,그런 날 있지. 그래도 하나만 해보자.,Some days are like that. Let's do just one anyway.
COMPANION_FOLLOW_TODO,가벼운 것부터 보자.,Let's start light.
COMPANION_FOLLOW_FOCUS,짧게라도 좋아. 타이머 열어둘게.,Short is fine. I'll get the timer.
COMPANION_FOLLOW_RECORD,오늘 어땠는지는 여기가 제일 정확해.,This is the most honest look at your day.
COMPANION_FOLLOW_JOURNAL_VENT,천천히 적어봐.,Take your time with it.
COMPANION_FOLLOW_JOURNAL_WRAP,오늘 뭘 했는지는 적어둬야 남아.,It only sticks if you write it down.
COMPANION_FOLLOW_PLAN,내일 뭘 할지 적어두면 아침이 수월해.,Writing tomorrow down makes the morning easier.
COMPANION_REASK_START,그래. 근데 5분만 해보고 쉬는 건 어때?,Sure. But how about five minutes first?
COMPANION_REASK_WRAP,그래. 쉬기 전에 오늘 정리해둘까?,Sure. Want to close out the day first?
COMPANION_REASK_LOW,그래. 그래도 딱 하나만 하고 쉬자.,Sure. One small thing first though. Then rest.
COMPANION_STAND_START,알겠어. 마음 바뀌면 말해줘. 하나면 충분하니까.,Alright. Tell me if that changes. One is enough.
COMPANION_STAND_WRAP,알겠어. 기록은 남아 있으니까 내일이라도 봐.,Alright. It'll keep. Look it over tomorrow.
COMPANION_GOTO_JOURNAL,일지 열기,Open the journal
COMPANION_GOTO_HABIT,습관 보기,See your habits

COMPANION_IDLE_HABIT_LEFT,습관 {n}개 남았어. 이것만큼은 채우고 가자.,{n} habits left. Let's not skip these.
COMPANION_IDLE_HABIT_CLEAR,습관은 다 채웠네. 하나 더 해볼까?,Habits are all in. Something more?
COMPANION_HABIT_ALL_DONE,오늘 습관은 다 채웠네.,All your habits are checked for today.
COMPANION_HABIT_FIRST_EVER,새로 만든 거구나. 첫 칸 채웠네.,A new one. First box filled.
COMPANION_HABIT_BACK,{days}일 만이네. 잘 돌아왔어.,{days} days since the last one. Good to have you back.
COMPANION_HABIT_LEFT,좋아. 이제 {n}개 남았어.,Good. {n} to go.
COMPANION_REASK_WRAP_HABIT,그래. 근데 습관 {m}개는 채우고 가자.,Sure. But let's not leave {m} habits open.
COMPANION_OPT_SEE_HABIT,습관 채울래,Fill them in
COMPANION_FOLLOW_HABIT,금방 끝나. 하나씩 체크하자.,Won't take long. Check them off.
SHIMEJI_MENU_QUIT,종료,Quit
ONB_SPEAKER_HAZEL,헤이즐,Hazel
ONB_B1_HELLO,"아, 저... 처음 뵙겠습니다.","Oh— um... It's nice to meet you."
ONB_B1_JOB,오늘부터 여기 일을 맡게 됐어요.,I'll be looking after things here from today.
ONB_B1_NAME,"아, 인사가 늦었네요. 헤이즐이에요.","Oh, I didn't introduce myself. I'm Hazel."
ONB_B1_UNPACK,짐은 이게 다예요. 금방 풀게요.,This is all I brought. I'll unpack in a moment.
ONB_B2_ASK_WHY,그래서... 왜 온 건데요?,So... why are you here?
ONB_B2_ASK_PEEK,(트렁크 안을 들여다본다),(Peek into the trunk)
ONB_B2_ASK_WHAT,집사가 뭘 하는데요?,What does a butler even do?
ONB_B2_RE_WHY,"아, 그게...","Oh, well..."
ONB_B2_RE_PEEK,이거 때문에요.,Because of this.
ONB_B2_RE_WHAT,음... 제일 중요한 것부터 말씀드릴게요.,Um... I'll start with the most important part.
ONB_B2_DAYS,"저희는 날들을 모아요. 좋은 날도, 그냥 그런 날도요.","We gather days. The good ones, and the so-so ones too."
ONB_B2_WINTER,마음에도 겨울이 오거든요.,Hearts get winters too.
ONB_B2_WARM,그때 꺼내 볼 게 있으면... 좀 덜 추워요.,Having something to take out then... makes it a little less cold.
ONB_B2_TRAINEE,선배들은 다들 한 분씩 맡아서 모아요. 저는... 아직 수습이고요.,The seniors each look after one person. I'm... still in training.
ONB_B2_HERE,그래서 여기서 할 일은요.,So here's what I'll do here.
ONB_B2_TODO,"하실 일을 적어두고, 잊지 않게 챙겨드릴게요.","I'll note down what you need to do, and make sure it isn't forgotten."
ONB_B2_DAYEND,하루가 끝나면 그날 걸 같이 모아두고요.,And when a day ends we'll put it away together.
ONB_B2_EMPTY,아무것도 안 한 날도 적어요. 그것도 하루니까요.,I write down the days nothing happened too. Those are days as well.
ONB_B2_OPT_OK,...그럼 잘 부탁해요.,...Then I'm in your hands.
ONB_B2_OPT_DOUBT,아직 믿는다고는 안 했어요.,I didn't say I trust you yet.
ONB_B2_OPT_BOOK,(수첩을 본다),(Look at the notebook)
ONB_B2_RE_OK,네.,Okay.
ONB_B2_RE_DOUBT,네. 천천히요.,Okay. Take your time.
ONB_B2_RE_BOOK,여기서부터 시작이에요.,This is where it starts.
ONB_B3_FIRST,그럼... 제일 먼저 적어둘 게 있어요.,Then... there's something I should write down first.
ONB_B3_ASK,어떻게 불러드리면 될까요?,What should I call you?
ONB_B3_NAME_HINT,이름,Name
ONB_B3_OPT_TELL,(알려준다),(Tell)
ONB_B3_OPT_LATER,...그건 나중에요.,...Maybe later.
ONB_B3_CALL,{name}님.,{name}.
ONB_B3_PRACTICE,{name}님... {name}님.,{name}... {name}.
ONB_B3_NARR_PRACTICE,— 연습하고 있다.,— Practicing.
ONB_B3_MEMORIZED,외웠어요.,Got it.
ONB_B3_OK,...네.,...Okay.
ONB_B3_NO_CALL,그럼 부르지 않을게요.,Then I won't call you anything.
ONB_B3_NARR_BLANK,— 첫 장은 비워두었다.,— The first page was left blank.
ONB_B4_TODO,하실 일은 여기 적어두세요. 잊지 않게 챙길게요.,Put the things you need to do here. I'll make sure they aren't forgotten.
ONB_B4_HABIT,매일 하고 싶은 건 여기요.,The things you want to do every day go here.
ONB_B4_TIMER,집중할 땐 이걸 돌려요. 도는 동안은 조용히 있을게요.,Wind this when you want to focus. I'll stay quiet while it runs.
ONB_B4_JOURNAL,쓰고 싶은 날엔 여기에요.,On days you feel like writing — here.
ONB_B4_RECORD,이건... 제 거예요. 모은 날들이 여기 들어가요.,This one's... mine. The days we gather go in here.
ONB_B4_INVITE,하나만 적어볼래요? 큰 거 아니어도 돼요.,Want to write just one down? It doesn't have to be big.
ONB_B4_LATER,나중에 할게요,Maybe later
ONB_B4_WRITTEN,적어두셨네요. 제가 기억해 둘게요.,You wrote it down. I'll remember it.
ONB_B4_LATER_RE,네. 수첩은 여기 둘게요.,Okay. I'll leave the notebook right here.
TODO_SAMPLE_ADD,할 일 추가하기,Add a to-do
ONB_B1_NARR_KNOCK,— 안쪽에서 두드렸다.,— The knock came from the inside.
ONB_B1_OPT_OPEN,(열어준다),(Let them in)
ONB_B1_OPT_WHO,...누구세요?,...Who's there?
ONB_B1_OPT_IGNORE,(못 본 척한다),(Pretend not to see)
ONB_B1_BUTLER,아... 집사예요.,Oh... I'm the butler.
ONB_B1_NARR_HEARS,— 들리는 모양이다.,— Apparently it can hear.
ONB_B1_CARD,잠깐 들어가도 될까요?,May I come in for a bit?
ONB_B1_NARR_WAITS,— 정말로 기다린다.,— It really is waiting.
ONB_B1_OPT_WHO_SENT,...누가 보냈어요?,...Who sent you?
ONB_B1_OPT_JOB,일이요? 무슨 일이요?,Things? What things?
ONB_B1_OPT_LOOK,(말없이 내려다본다),(Look down in silence)
ONB_B1_RE_NOBODY,아무도요.,Nobody.
ONB_B1_RE_CAME,...제가 왔어요.,...I just came.
ONB_B1_RE_JOB,집사 일이요.,Butler things.
ONB_B1_RE_SLOWLY,자세한 건... 천천히 말씀드릴게요.,I'll... explain the rest slowly.
ONB_B5_NARR_SPOT,— 마음에 드는 자리를 찾은 모양이다.,— Looks like that spot will do.
ONB_B5_OUTSIDE,그럼 저는 밖에 있을게요.,Then I'll be right outside.
ONB_B5_CALL_ME,필요하시면 불러주세요.,Call me if you need me.
ONB_B5_OPT_THANKS,고마워요.,Thank you.
ONB_B5_OPT_WAVE,(손을 흔든다),(Wave)
ONB_B3_CONFIRM,「{name}」... 이렇게 적었는데 맞아요?,"""{name}""... is this how it's written?"
ONB_B3_OPT_RIGHT,맞아요.,That's right.
ONB_B3_OPT_WRONG,"아, 잘못 적었어요.","Oh, I typed it wrong."
ONB_B3_MISHEARD,"아, 제가 잘못 들었나 봐요.","Oh, I must have misheard."
ONB_B3_AGAIN,다시 한 번 알려주세요.,Please tell me once more.
